<?xml version="1.0" encoding="UTF-8"?>
<project-private xmlns="http://www.netbeans.org/ns/project-private/1">
    <editor-bookmarks xmlns="http://www.netbeans.org/ns/editor-bookmarks/2" lastBookmarkId="0"/>
    <open-files xmlns="http://www.netbeans.org/ns/projectui-open-files/2">
        <group>
            <file>file:/C:/Users/xyz/Documents/NetBeansProjects/Placements/src/placements/GapAnalysisReport.java</file>
            <file>file:/C:/Users/xyz/Documents/NetBeansProjects/Placements/src/placements/HomeFrame.java</file>
            <file>file:/C:/Users/xyz/Documents/NetBeansProjects/Placements/src/placements/EncoreLogin.java</file>
            <file>file:/C:/Users/xyz/Documents/NetBeansProjects/Placements/src/placements/PlacementRegistration.java</file>
            <file>file:/C:/Users/xyz/Documents/NetBeansProjects/Placements/src/placements/PlacementMarksEntry.java</file>
            <file>file:/C:/Users/xyz/Documents/NetBeansProjects/Placements/src/placements/PlacementLoadPrediction.java</file>
            <file>file:/C:/Users/xyz/Documents/NetBeansProjects/Placements/src/placements/SelectionAnalysisReport.java</file>
            <file>file:/C:/Users/xyz/Documents/NetBeansProjects/Placements/src/placements/SupplAnalysisReport.java</file>
            <file>file:/C:/Users/xyz/Documents/NetBeansProjects/Placements/src/placements/MainFrame.java</file>
        </group>
    </open-files>
</project-private>
